1,21.151.189.47,desktop,OS X,Safari
2,217.181.132.243,smartphone,OS X,Opera
4,2.188.94.105,desktop,Windows,Puffin
6,81.49.28.65,desktop,OS X,Firefox
7,222.82.129.76,TV,Unknown,Opera
8,248.148.73.202,smartphone,OS X,Puffin
9,120.146.214.66,TV,Unknown,Puffin
10,18.207.84.18,desktop,Others,Other
12,78.171.121.209,desktop,Windows,Puffin
13,130.31.120.22,TV,Unknown,Firefox
14,238.188.94.170,desktop,Others,Samsung Internet
15,25.223.123.250,smartphone,Others,Firefox
16,53.124.195.134,desktop,Others,Android
17,96.26.206.117,desktop,Windows,Firefox
19,31.214.78.80,smartphone,Others,Samsung Internet
20,194.8.111.27,TV,Unknown,Edge
21,156.234.113.80,desktop,Windows,Chrome
22,237.236.73.91,smartphone,OS X,Unknown
23,73.193.32.125,smartphone,Others,Other
25,242.112.76.249,desktop,Chrome OS,Chrome
26,134.112.22.133,desktop,Linux,Chromium
27,237.69.164.239,desktop,OS X,Firefox
28,4.0.238.219,desktop,Chrome OS,Chrome
29,132.128.61.53,desktop,Linux,Unknown
30,46.108.102.113,desktop,Chrome OS,Chrome
31,181.228.4.53,desktop,Others,Chrome
32,109.183.245.180,smartphone,OS X,Firefox
33,138.167.186.63,desktop,Others,Unknown
34,142.48.158.172,desktop,Chrome OS,Chrome
35,124.158.159.183,TV,Unknown,Firefox
36,9.242.57.232,smartphone,OS X,Unknown
37,191.104.97.235,TV,Unknown,Safari
38,183.225.180.122,smartphone,Others,Chrome
39,197.249.33.85,desktop,Windows,Opera
40,25.124.9.162,smartphone,Others,Android
41,132.176.113.152,smartphone,Others,Android
42,14.24.175.93,desktop,Chrome OS,Chrome
43,131.217.102.236,desktop,Windows,Firefox
44,83.80.19.158,smartphone,OS X,Firefox
46,175.40.237.211,TV,Unknown,Puffin
47,142.102.128.251,smartphone,Others,Unknown
48,96.110.156.76,TV,Unknown,Other
49,24.5.210.127,smartphone,OS X,KaiOS
50,179.43.109.197,smartphone,OS X,Puffin
51,126.181.101.17,desktop,Windows,Puffin
52,247.86.30.199,TV,Unknown,Puffin
53,231.175.156.197,desktop,OS X,Opera
54,37.187.120.210,desktop,Others,Chrome
55,163.20.189.126,smartphone,OS X,Firefox
56,136.109.249.69,desktop,Others,Unknown
57,251.18.67.102,smartphone,Others,Unknown
58,198.238.17.250,TV,Unknown,Unknown
59,130.180.98.31,smartphone,OS X,Firefox
60,108.83.92.12,desktop,Others,Chrome
61,175.123.88.32,TV,Unknown,Puffin
62,73.56.241.167,desktop,Linux,Firefox
63,75.188.39.77,TV,Unknown,KaiOS
64,0.140.37.222,smartphone,Others,Samsung Internet
65,243.148.43.128,desktop,OS X,KaiOS
66,86.26.140.226,desktop,Linux,Firefox
67,139.148.3.48,desktop,OS X,Other
68,106.240.232.239,smartphone,OS X,Firefox
69,75.141.246.88,desktop,Windows,Firefox
70,209.25.202.109,smartphone,Others,Chrome
72,150.142.115.61,TV,Unknown,Other
73,14.33.15.221,smartphone,OS X,Other
74,12.242.18.117,desktop,Others,Firefox
75,213.26.237.143,desktop,Chrome OS,Chrome
76,106.204.62.189,desktop,Others,Chrome
77,56.246.207.211,desktop,OS X,Puffin
78,243.107.38.96,desktop,OS X,Puffin
79,16.117.193.87,smartphone,Others,Samsung Internet
80,208.91.86.233,desktop,Linux,Firefox
81,134.136.59.156,TV,Unknown,Safari
82,197.190.170.145,desktop,Linux,Other
83,6.180.246.90,TV,Unknown,Edge
84,165.22.152.222,desktop,Others,Chrome
85,103.198.164.130,desktop,OS X,Other
86,157.147.18.43,smartphone,Others,Chrome
87,253.181.224.144,TV,Unknown,Chrome
88,46.223.85.210,smartphone,OS X,Other
89,56.220.129.202,desktop,Chrome OS,Chrome
90,104.1.55.5,desktop,Others,Unknown
91,23.102.159.72,smartphone,Others,Other
92,76.227.255.162,smartphone,Others,Unknown
93,131.131.20.156,smartphone,OS X,Opera
94,175.9.126.217,smartphone,OS X,Firefox
95,122.240.26.16,smartphone,Others,Android
96,166.80.146.200,TV,Unknown,Edge
97,214.57.16.101,smartphone,OS X,Unknown
98,39.151.219.148,TV,Unknown,Other
99,22.11.128.88,smartphone,OS X,Opera
100,239.160.85.238,desktop,Windows,Other
101,239.90.112.96,TV,Unknown,Chrome
102,103.180.20.102,smartphone,Others,Samsung Internet
104,195.245.92.68,smartphone,Others,Chrome
105,226.48.9.224,TV,Unknown,Safari
106,177.127.98.65,TV,Unknown,Firefox
107,15.121.162.181,desktop,Windows,Chrome
108,63.77.37.203,desktop,Others,Firefox
109,61.157.89.121,desktop,Windows,Puffin
110,54.41.116.173,smartphone,OS X,Safari
111,250.18.28.232,desktop,Others,Other
112,119.65.188.37,smartphone,Others,Android
113,249.96.52.61,desktop,Windows,Unknown
114,10.44.2.41,TV,Unknown,Edge
115,96.135.236.64,smartphone,OS X,Safari
116,203.43.231.99,desktop,Windows,Firefox
117,72.178.210.198,desktop,Windows,Chrome
118,214.179.145.168,smartphone,Others,Samsung Internet
119,128.214.64.119,smartphone,OS X,Unknown
120,169.98.88.53,smartphone,Others,Other
121,156.153.66.21,smartphone,Others,Other
122,220.193.52.161,TV,Unknown,Safari
123,44.16.245.22,desktop,Windows,Edge
124,213.163.156.156,TV,Unknown,Firefox
125,30.228.195.251,TV,Unknown,KaiOS
126,114.30.46.197,desktop,Chrome OS,Chrome
127,140.30.133.97,desktop,Chrome OS,Chrome
128,195.246.91.50,desktop,Chrome OS,Chrome
129,137.176.72.149,desktop,Chrome OS,Chrome
130,71.148.149.76,TV,Unknown,Unknown
131,114.233.133.3,TV,Unknown,Unknown
132,127.231.220.182,desktop,OS X,KaiOS
133,181.76.114.98,desktop,Windows,Unknown
134,56.113.142.68,desktop,Chrome OS,Chrome
135,239.166.156.218,smartphone,Others,Unknown
136,235.210.17.0,desktop,Windows,Firefox
137,67.111.51.130,TV,Unknown,Puffin
138,82.73.254.13,desktop,Windows,Firefox
139,79.149.159.238,desktop,Windows,Puffin
141,57.165.153.64,TV,Unknown,Safari
142,254.123.215.193,smartphone,OS X,KaiOS
143,122.4.140.61,smartphone,Others,Other
144,201.12.36.237,desktop,Chrome OS,Chrome
145,64.237.175.56,TV,Unknown,Firefox
146,45.218.58.33,smartphone,Others,Other
147,222.25.245.57,desktop,OS X,Other
148,219.7.201.53,TV,Unknown,Edge
149,8.54.126.93,desktop,Windows,Unknown
150,145.169.80.249,smartphone,OS X,Firefox
151,104.220.89.206,desktop,OS X,KaiOS
152,8.71.178.18,smartphone,Others,Chrome
153,53.169.112.149,TV,Unknown,Chrome
154,24.152.24.28,TV,Unknown,Edge
155,186.116.200.118,TV,Unknown,Firefox
156,33.79.74.17,smartphone,OS X,KaiOS
157,37.54.41.186,smartphone,OS X,Safari
158,19.65.181.54,desktop,Chrome OS,Chrome
159,121.98.109.135,TV,Unknown,Firefox
160,69.99.157.84,smartphone,OS X,Safari
161,16.230.206.14,desktop,Windows,Opera
162,32.215.132.149,desktop,Others,Android
163,199.43.246.235,desktop,Linux,Chrome
165,15.248.18.253,TV,Unknown,KaiOS
166,45.130.140.96,smartphone,Others,Samsung Internet
167,224.237.234.110,TV,Unknown,Unknown
168,199.67.50.215,smartphone,Others,Samsung Internet
169,102.26.190.13,TV,Unknown,Firefox
170,246.139.247.254,smartphone,Others,Samsung Internet
171,98.151.31.167,desktop,Linux,Firefox
172,5.153.184.188,smartphone,Others,Chrome
173,120.118.70.112,smartphone,Others,Chrome
174,73.177.47.178,desktop,Others,Other
175,105.32.227.182,TV,Unknown,Other
176,71.239.44.114,TV,Unknown,Unknown
177,173.255.205.243,desktop,Windows,Opera
178,39.28.247.224,desktop,Windows,Other
179,171.224.188.136,desktop,Others,Chrome
180,74.103.146.54,smartphone,OS X,Unknown
181,137.211.72.1,desktop,OS X,Safari
182,241.57.190.19,desktop,OS X,Opera
183,74.3.54.233,TV,Unknown,Other
184,200.238.188.66,desktop,Chrome OS,Chrome
185,118.253.10.169,smartphone,OS X,KaiOS
186,233.173.125.129,desktop,Chrome OS,Chrome
187,90.64.222.122,desktop,Windows,Edge
188,187.128.96.47,desktop,Windows,Firefox
189,146.210.236.231,desktop,Others,Samsung Internet
190,28.100.47.49,desktop,OS X,Other
191,208.33.213.199,desktop,OS X,Other
192,187.230.114.160,smartphone,OS X,Puffin
193,64.250.57.195,desktop,Windows,Firefox
194,76.69.111.67,desktop,Linux,Firefox
195,99.180.251.147,smartphone,Others,Firefox
196,112.156.34.212,desktop,Chrome OS,Chrome
197,153.14.99.42,desktop,Linux,Chromium
198,83.136.135.156,TV,Unknown,Firefox
199,63.95.241.152,smartphone,OS X,Firefox
200,138.19.209.227,smartphone,Others,Unknown
201,144.32.80.152,desktop,OS X,Other
202,45.184.166.117,smartphone,Others,Other
204,129.76.112.170,desktop,OS X,KaiOS
205,171.96.110.127,desktop,Windows,Unknown
206,79.26.254.18,smartphone,OS X,Puffin
207,216.236.150.200,TV,Unknown,Puffin
208,232.148.107.74,desktop,Chrome OS,Chrome
209,139.95.28.25,desktop,Windows,Other
210,231.155.191.101,smartphone,OS X,Safari
211,146.175.241.191,desktop,OS X,Safari
212,92.224.16.111,desktop,OS X,Firefox
213,21.186.127.42,desktop,OS X,Puffin
214,5.201.154.105,desktop,OS X,Opera
215,123.226.148.81,desktop,Linux,Chrome
216,181.207.52.33,desktop,Linux,Puffin
217,33.29.204.122,desktop,Windows,Firefox
218,205.74.8.230,smartphone,Others,Unknown
219,65.64.173.100,desktop,Chrome OS,Chrome
220,47.20.90.166,desktop,Others,Samsung Internet
221,250.29.212.245,desktop,OS X,Safari
222,15.29.100.141,desktop,Chrome OS,Chrome
223,117.169.119.106,smartphone,Others,Unknown
225,52.4.122.229,desktop,Windows,Unknown
226,53.169.226.50,smartphone,Others,Unknown
227,11.189.89.165,smartphone,Others,Android
228,38.140.200.66,desktop,Chrome OS,Chrome
229,113.136.237.9,smartphone,OS X,KaiOS
230,201.222.3.137,desktop,Chrome OS,Chrome
231,255.182.156.65,smartphone,Others,Other
232,244.7.3.151,desktop,Linux,Chrome
233,22.140.40.178,desktop,Others,Unknown
234,177.145.243.60,desktop,Others,Android
235,129.212.184.164,smartphone,OS X,KaiOS
236,20.64.190.59,desktop,Linux,Other
237,122.251.167.153,smartphone,Others,Firefox
238,64.147.60.224,smartphone,Others,Android
239,14.45.92.103,smartphone,Others,Chrome
240,234.60.1.159,smartphone,OS X,Safari
241,126.185.150.182,desktop,OS X,Safari
242,250.161.6.116,desktop,Chrome OS,Chrome
244,122.6.101.18,TV,Unknown,KaiOS
245,97.52.156.23,smartphone,Others,Unknown
246,178.9.25.154,desktop,Chrome OS,Chrome
247,149.8.39.83,TV,Unknown,Other
248,231.42.182.181,TV,Unknown,KaiOS
249,139.14.107.42,desktop,Windows,Edge
250,239.84.57.101,desktop,Chrome OS,Chrome
251,209.211.190.4,smartphone,Others,Other
252,149.202.169.14,TV,Unknown,Safari
253,231.173.244.116,smartphone,Others,Samsung Internet
254,51.163.168.174,desktop,Linux,Firefox
255,248.200.223.26,smartphone,Others,Samsung Internet
256,73.117.76.215,desktop,OS X,Opera
257,176.116.68.236,desktop,Chrome OS,Chrome
258,176.148.158.0,smartphone,OS X,Opera
259,160.185.49.186,desktop,Linux,Firefox
260,237.157.42.85,TV,Unknown,Firefox
261,240.235.169.82,desktop,OS X,Safari
262,122.222.44.191,smartphone,Others,Chrome
264,235.17.114.7,desktop,Others,Android
265,187.83.169.152,desktop,Windows,Other
266,8.72.95.168,smartphone,Others,Chrome
267,160.69.54.252,desktop,Chrome OS,Chrome
268,182.45.252.65,TV,Unknown,Edge
269,159.163.155.147,smartphone,OS X,KaiOS
270,101.160.206.56,TV,Unknown,Edge
271,75.104.115.22,desktop,Windows,Edge
272,192.184.174.165,TV,Unknown,Other
273,185.215.229.32,desktop,Chrome OS,Chrome
274,19.123.16.61,smartphone,OS X,Other
275,235.116.185.37,TV,Unknown,Opera
276,126.82.183.138,desktop,OS X,Opera
277,44.229.233.201,desktop,Windows,Firefox
278,240.44.38.115,desktop,OS X,Opera
279,58.91.23.248,desktop,Linux,Chromium
280,93.142.226.146,desktop,Windows,Firefox
281,87.107.66.238,desktop,Chrome OS,Chrome
282,185.115.248.8,smartphone,OS X,Opera
283,154.255.100.191,desktop,Others,Firefox
284,63.100.207.139,smartphone,Others,Firefox
285,103.72.60.22,smartphone,OS X,Opera
286,177.18.55.43,smartphone,OS X,Firefox
287,83.117.38.21,smartphone,Others,Firefox
289,121.241.104.173,smartphone,Others,Firefox
290,69.93.207.201,desktop,Linux,Unknown
291,162.177.101.255,desktop,Linux,Unknown
292,229.197.82.58,TV,Unknown,Opera
293,40.105.105.163,desktop,Linux,Chromium
294,112.103.232.86,desktop,Linux,Firefox
295,49.46.201.194,desktop,Others,Samsung Internet
296,62.44.49.108,TV,Unknown,KaiOS
297,11.42.72.7,desktop,Windows,Unknown
298,221.42.225.117,desktop,Chrome OS,Chrome
299,188.143.182.41,smartphone,Others,Samsung Internet
300,109.132.208.191,TV,Unknown,Other
301,229.65.42.161,smartphone,Others,Unknown
302,103.245.5.104,TV,Unknown,Safari
303,200.52.187.26,TV,Unknown,Puffin
304,115.252.26.158,smartphone,Others,Firefox
305,113.228.38.94,desktop,Others,Chrome
306,170.82.45.254,TV,Unknown,Puffin
308,42.44.54.215,desktop,Windows,Chrome
309,50.129.190.65,desktop,Linux,Firefox
310,6.11.23.3,TV,Unknown,Other
311,220.53.40.57,smartphone,Others,Firefox
312,91.204.10.216,TV,Unknown,Firefox
313,146.238.46.135,TV,Unknown,Safari
314,107.117.4.199,TV,Unknown,KaiOS
315,102.107.37.36,smartphone,Others,Chrome
316,157.162.137.239,desktop,Chrome OS,Chrome
317,86.171.1.223,desktop,Chrome OS,Chrome
318,35.90.99.240,smartphone,OS X,KaiOS
319,245.36.149.86,smartphone,Others,Firefox
320,167.8.143.94,desktop,Others,Android
321,225.78.52.253,desktop,Chrome OS,Chrome
322,250.243.20.179,smartphone,Others,Unknown
323,125.213.162.84,smartphone,Others,Chrome
324,154.139.1.184,desktop,Linux,Chrome
325,216.87.126.122,TV,Unknown,Safari
326,239.193.232.10,TV,Unknown,Firefox
327,90.156.112.217,smartphone,OS X,Unknown
328,42.187.237.81,smartphone,Others,Unknown
329,205.118.24.138,smartphone,Others,Firefox
330,199.148.177.175,smartphone,OS X,Safari
332,248.197.227.18,smartphone,Others,Android
333,172.137.167.216,TV,Unknown,Firefox
334,117.50.6.10,desktop,Others,Chrome
335,122.9.47.194,smartphone,OS X,KaiOS
336,185.104.119.189,TV,Unknown,Chrome
337,153.214.28.252,smartphone,OS X,Puffin
338,87.156.43.90,desktop,Windows,Puffin
339,207.53.126.239,TV,Unknown,Opera
340,18.61.75.248,smartphone,OS X,Safari
341,220.254.191.95,TV,Unknown,Safari
342,151.28.106.224,smartphone,Others,Other
343,215.192.200.171,desktop,Others,Firefox
344,119.141.141.207,desktop,Chrome OS,Chrome
345,151.53.5.210,smartphone,Others,Firefox
346,3.39.224.131,desktop,Chrome OS,Chrome
347,146.167.158.19,TV,Unknown,Puffin
348,169.162.214.99,desktop,Windows,Chrome
349,148.0.193.117,smartphone,Others,Other
350,216.121.202.168,smartphone,Others,Firefox
351,192.247.7.104,desktop,Others,Other
352,156.70.214.59,desktop,Others,Android
353,143.190.226.192,desktop,Others,Chrome
354,3.86.255.19,smartphone,Others,Unknown
355,130.206.65.21,desktop,Linux,Chrome
356,236.158.17.211,desktop,Others,Other
357,145.245.79.66,smartphone,Others,Chrome
358,0.24.35.5,smartphone,OS X,Puffin
359,0.218.161.156,TV,Unknown,Other
360,27.121.68.142,TV,Unknown,Edge
361,228.227.239.39,smartphone,OS X,Firefox
362,33.174.255.182,desktop,Windows,Opera
363,232.112.203.97,desktop,Linux,Other
364,147.242.221.139,desktop,Linux,Other
365,215.112.194.89,smartphone,Others,Samsung Internet
366,18.209.187.98,smartphone,OS X,Safari
367,143.114.187.176,desktop,Others,Firefox
368,203.92.245.19,desktop,OS X,Opera
369,164.57.232.0,TV,Unknown,Chrome
370,67.255.2.139,desktop,OS X,Firefox
371,244.113.124.27,smartphone,OS X,Other
372,73.121.134.106,smartphone,Others,Chrome
374,235.207.79.45,desktop,Windows,Edge
375,115.189.48.131,desktop,Others,Android
376,178.206.67.155,smartphone,OS X,Firefox
377,42.73.238.189,smartphone,OS X,Safari
378,42.13.30.162,TV,Unknown,Unknown
379,165.123.202.85,desktop,Chrome OS,Chrome
380,86.247.226.17,smartphone,Others,Samsung Internet
381,110.144.153.85,desktop,Linux,Other
382,209.230.161.120,desktop,Others,Samsung Internet
383,236.38.77.161,desktop,Others,Unknown
384,86.183.52.57,TV,Unknown,Puffin
385,13.245.7.227,smartphone,OS X,Other
386,56.240.31.10,smartphone,OS X,Firefox
387,4.76.69.159,smartphone,Others,Firefox
388,0.12.148.58,smartphone,OS X,Safari
389,197.182.125.60,desktop,OS X,Other
390,91.110.96.19,desktop,Windows,Unknown
391,171.194.21.196,smartphone,Others,Other
392,75.117.254.12,smartphone,OS X,Unknown
393,163.143.89.83,desktop,Chrome OS,Chrome
394,184.83.224.175,desktop,Linux,Unknown
395,108.108.65.33,desktop,Linux,Other
396,91.249.183.118,smartphone,OS X,Safari
397,241.40.144.233,smartphone,OS X,Puffin
398,143.52.232.133,desktop,Others,Android
399,32.97.73.119,smartphone,Others,Firefox
400,185.57.148.178,TV,Unknown,Puffin
401,208.124.247.147,desktop,Windows,Firefox
402,222.129.25.76,smartphone,Others,Chrome
403,162.209.14.72,desktop,Others,Firefox
404,154.186.91.243,desktop,Linux,Chrome
405,209.174.47.242,desktop,Chrome OS,Chrome
406,48.26.58.118,smartphone,Others,Android
407,215.252.83.107,TV,Unknown,Safari
408,0.232.40.21,desktop,OS X,Puffin
409,84.140.45.127,TV,Unknown,Safari
410,86.66.179.37,desktop,Linux,Opera
411,198.254.154.69,smartphone,Others,Chrome
412,87.198.133.116,desktop,Chrome OS,Chrome
413,238.72.232.205,desktop,Windows,Other
414,59.43.198.113,desktop,Linux,Chrome
415,255.160.56.160,smartphone,OS X,Opera
417,170.84.55.222,desktop,Windows,Opera
418,132.172.171.13,desktop,Linux,Unknown
419,217.19.213.62,smartphone,OS X,Puffin
420,116.205.224.209,desktop,Linux,Chromium
421,188.19.46.111,desktop,Windows,Puffin
422,4.81.137.233,TV,Unknown,Firefox
423,124.1.141.96,TV,Unknown,Unknown
424,164.36.173.164,desktop,Chrome OS,Chrome
425,202.232.86.129,TV,Unknown,Other
426,252.0.225.229,smartphone,Others,Samsung Internet
427,112.145.210.158,desktop,Windows,Opera
428,242.232.76.170,desktop,OS X,Opera
429,232.219.219.153,smartphone,OS X,Unknown
430,236.206.207.77,smartphone,OS X,Safari
431,104.171.55.38,smartphone,Others,Android
432,216.162.146.201,TV,Unknown,Chrome
433,144.219.80.200,smartphone,OS X,Safari
434,160.29.245.135,desktop,OS X,KaiOS
435,162.37.141.101,smartphone,OS X,Firefox
436,78.234.196.58,desktop,Chrome OS,Chrome
437,121.151.185.254,TV,Unknown,Safari
438,123.74.169.104,desktop,Windows,Puffin
439,246.145.178.6,smartphone,Others,Android
440,34.62.186.114,desktop,Others,Samsung Internet
441,26.125.225.109,desktop,Windows,Edge
442,78.214.105.26,desktop,Others,Chrome
443,153.141.255.170,desktop,Chrome OS,Chrome
444,61.97.190.111,TV,Unknown,Chrome
445,19.98.11.67,desktop,Chrome OS,Chrome
446,129.246.79.64,smartphone,Others,Other
447,199.131.6.32,TV,Unknown,Other
448,171.71.20.112,desktop,Chrome OS,Chrome
449,158.38.172.15,smartphone,OS X,Opera
450,152.160.214.162,desktop,Linux,Firefox
451,198.38.148.209,TV,Unknown,Chrome
452,229.44.140.57,smartphone,Others,Android
453,149.79.131.199,smartphone,Others,Chrome
454,95.232.44.11,TV,Unknown,Opera
455,226.240.141.167,smartphone,OS X,Opera
456,142.13.157.108,desktop,OS X,KaiOS
457,96.156.153.53,TV,Unknown,Chrome
458,22.69.196.84,desktop,Windows,Unknown
459,126.120.30.36,desktop,Windows,Other
460,145.106.60.58,desktop,Chrome OS,Chrome
461,55.47.57.159,smartphone,Others,Other
463,144.175.151.21,desktop,Linux,Opera
464,82.118.157.242,desktop,Linux,Firefox
465,210.200.234.110,smartphone,OS X,KaiOS
466,46.29.124.29,smartphone,OS X,Puffin
467,185.1.142.246,desktop,Others,Unknown
468,141.42.138.166,smartphone,Others,Chrome
469,173.169.233.97,smartphone,OS X,Other
470,232.140.151.7,desktop,Linux,Firefox
471,47.34.60.245,desktop,Linux,Chrome
472,218.51.220.231,desktop,OS X,Firefox
473,248.240.176.83,desktop,Chrome OS,Chrome
474,109.199.198.33,desktop,Chrome OS,Chrome
475,101.130.253.128,TV,Unknown,Edge
476,162.247.3.205,TV,Unknown,Edge
477,187.107.27.123,desktop,Chrome OS,Chrome
478,47.45.118.155,desktop,Linux,Unknown
479,152.247.14.160,desktop,Linux,Chrome
480,47.228.129.131,desktop,OS X,Firefox
481,109.76.101.226,desktop,Chrome OS,Chrome
482,156.12.57.146,desktop,OS X,Safari
483,172.217.189.159,smartphone,OS X,Unknown
484,199.230.76.204,desktop,Chrome OS,Chrome
485,32.69.173.11,smartphone,Others,Chrome
486,10.120.140.63,TV,Unknown,Opera
487,98.32.96.172,desktop,Linux,Chrome
488,190.41.140.66,smartphone,Others,Other
489,119.70.77.93,smartphone,Others,Chrome
490,2.214.28.121,smartphone,OS X,Firefox
491,143.14.92.255,desktop,OS X,Unknown
492,157.153.151.135,desktop,OS X,KaiOS
493,80.80.232.102,smartphone,Others,Chrome
494,212.57.228.53,desktop,Windows,Chrome
495,209.58.126.224,desktop,Linux,Chrome
497,200.189.217.146,desktop,Others,Samsung Internet
498,232.218.195.214,desktop,Windows,Unknown
499,138.147.21.214,desktop,Windows,Firefox
500,80.183.209.4,desktop,Linux,Chromium
501,237.187.164.54,desktop,Windows,Chrome
502,152.4.240.87,smartphone,OS X,Puffin
503,218.216.92.236,desktop,Linux,Other
504,158.168.182.175,desktop,Others,Android
505,178.129.41.254,desktop,Linux,Other
506,48.244.82.240,desktop,Linux,Firefox
507,241.33.59.192,desktop,Windows,Other
508,10.134.140.70,desktop,Windows,Puffin
509,79.123.247.100,desktop,Chrome OS,Chrome
510,236.205.234.123,smartphone,Others,Samsung Internet
511,92.47.8.184,smartphone,OS X,Unknown
512,193.135.132.79,desktop,OS X,Safari
513,253.201.212.5,TV,Unknown,Chrome
514,63.4.100.182,smartphone,Others,Samsung Internet
515,12.157.20.123,desktop,Chrome OS,Chrome
516,90.147.17.64,smartphone,Others,Android
517,254.90.178.91,desktop,Chrome OS,Chrome
518,18.138.132.190,smartphone,Others,Firefox
519,147.242.31.26,smartphone,Others,Unknown
520,170.138.87.37,desktop,Chrome OS,Chrome
521,210.101.36.65,smartphone,OS X,Unknown
522,166.184.153.216,desktop,Others,Samsung Internet
523,101.80.195.83,smartphone,Others,Android
524,138.230.55.87,smartphone,OS X,Opera
525,23.189.238.41,desktop,Others,Other
526,197.134.191.162,smartphone,OS X,Firefox
527,66.156.240.34,desktop,OS X,Puffin
528,154.85.57.203,smartphone,OS X,Unknown
529,62.43.234.195,desktop,Linux,Unknown
530,203.48.145.148,smartphone,Others,Chrome
531,108.206.19.18,smartphone,OS X,Unknown
532,141.12.240.144,desktop,Windows,Puffin
533,170.123.213.36,desktop,OS X,Puffin
534,109.144.1.154,smartphone,Others,Firefox
535,136.94.19.151,TV,Unknown,Other
536,85.125.229.242,desktop,Linux,Opera
538,200.36.168.163,desktop,Linux,Chromium
539,89.82.116.7,desktop,Windows,Other
540,251.222.111.170,TV,Unknown,KaiOS
541,0.133.57.247,smartphone,OS X,Safari
542,204.155.38.236,smartphone,Others,Samsung Internet
543,106.254.24.49,desktop,Linux,Chrome
544,197.63.131.79,smartphone,OS X,Opera
545,66.36.4.52,TV,Unknown,Puffin
546,182.45.53.40,desktop,Linux,Chromium
547,194.30.228.112,desktop,Windows,Opera
548,230.162.204.89,smartphone,OS X,Unknown
549,142.4.12.100,desktop,OS X,Unknown
550,98.253.156.197,smartphone,OS X,Safari
551,95.152.211.208,desktop,Chrome OS,Chrome
552,96.7.173.131,desktop,OS X,KaiOS
553,137.138.129.53,TV,Unknown,Other
554,236.40.196.191,TV,Unknown,Unknown
555,31.9.151.6,TV,Unknown,Firefox
556,200.38.241.12,desktop,Chrome OS,Chrome
557,46.188.219.101,smartphone,OS X,Unknown
558,51.243.47.202,desktop,Linux,Other
559,252.72.128.228,smartphone,Others,Samsung Internet
560,103.12.34.67,desktop,OS X,Opera
561,153.117.5.126,smartphone,Others,Android
562,19.138.241.25,smartphone,OS X,Firefox
563,87.90.89.16,smartphone,OS X,Puffin
564,135.136.80.102,desktop,Linux,Chrome
565,108.214.36.119,desktop,OS X,KaiOS
566,244.198.100.230,desktop,Chrome OS,Chrome
567,168.74.46.34,desktop,Windows,Firefox
568,150.162.247.207,desktop,Chrome OS,Chrome
569,254.209.68.111,TV,Unknown,Edge
570,22.95.236.11,smartphone,OS X,Opera
571,191.52.169.188,smartphone,Others,Unknown
572,7.150.19.240,desktop,OS X,Other
573,150.174.248.102,desktop,OS X,Other
574,242.11.148.174,desktop,Others,Other
575,205.23.249.38,TV,Unknown,KaiOS
576,220.140.77.122,desktop,Chrome OS,Chrome
577,116.0.122.129,TV,Unknown,KaiOS
578,242.93.98.203,desktop,Chrome OS,Chrome
580,22.204.153.150,desktop,Linux,Opera
581,185.232.125.124,smartphone,Others,Unknown
582,164.48.137.175,desktop,Chrome OS,Chrome
583,103.217.17.50,TV,Unknown,Edge
584,225.82.109.53,TV,Unknown,Puffin
585,16.120.90.31,TV,Unknown,Unknown
586,111.24.163.95,smartphone,OS X,Unknown
587,132.189.170.230,TV,Unknown,Chrome
588,196.182.157.158,smartphone,Others,Other
589,49.235.136.141,TV,Unknown,Opera
590,88.249.185.134,TV,Unknown,Other
591,255.179.160.112,smartphone,OS X,Opera
592,143.88.137.239,desktop,Others,Chrome
593,72.176.28.232,smartphone,OS X,Safari
594,101.228.180.208,desktop,Linux,Chrome
595,66.1.152.255,desktop,Linux,Chrome
596,45.48.171.26,desktop,OS X,Puffin
597,136.195.206.112,desktop,OS X,Unknown
598,20.46.46.134,desktop,Windows,Puffin
599,135.90.53.76,smartphone,OS X,Safari
600,57.185.116.61,smartphone,OS X,Safari
601,134.182.59.139,smartphone,Others,Firefox
602,238.76.49.94,smartphone,OS X,Opera
603,36.62.238.97,desktop,Others,Chrome
604,248.234.230.138,smartphone,OS X,Safari
605,45.242.26.187,smartphone,Others,Other
606,116.159.70.84,smartphone,OS X,Unknown
607,3.251.169.151,smartphone,Others,Other
608,66.142.161.37,TV,Unknown,Puffin
609,197.152.158.225,smartphone,Others,Samsung Internet
610,48.168.199.231,desktop,Linux,Firefox
611,227.169.60.236,desktop,Others,Chrome
612,46.156.235.249,smartphone,OS X,Unknown
613,177.40.31.246,desktop,Chrome OS,Chrome
614,249.241.102.58,desktop,Linux,Other
615,219.17.139.125,smartphone,OS X,KaiOS
616,48.211.127.26,desktop,OS X,Unknown
617,187.75.25.178,desktop,OS X,Safari
618,116.223.177.219,desktop,OS X,Safari
619,52.154.232.80,smartphone,Others,Android
620,72.27.25.76,TV,Unknown,Unknown
621,126.158.232.206,smartphone,Others,Samsung Internet
622,14.174.47.36,smartphone,OS X,Puffin
623,237.98.123.29,desktop,OS X,Safari
624,173.156.34.222,smartphone,Others,Unknown
625,185.173.238.167,desktop,OS X,Other
626,177.55.227.132,TV,Unknown,Firefox
627,226.53.29.69,TV,Unknown,KaiOS
628,35.244.247.29,smartphone,OS X,Puffin
629,218.66.57.88,smartphone,Others,Other
630,51.82.182.33,desktop,OS X,Firefox
631,190.23.53.100,smartphone,Others,Samsung Internet
632,6.17.208.40,desktop,Others,Android
633,239.223.159.82,desktop,OS X,KaiOS
634,250.118.214.50,desktop,OS X,KaiOS
635,101.199.159.165,smartphone,Others,Unknown
636,73.42.220.139,TV,Unknown,Chrome
637,153.3.45.28,smartphone,Others,Samsung Internet
639,204.27.206.214,desktop,Chrome OS,Chrome
640,11.105.130.69,desktop,OS X,Safari
641,200.128.92.88,TV,Unknown,KaiOS
642,247.224.98.246,smartphone,OS X,Puffin
643,13.7.160.114,desktop,Windows,Opera
644,48.24.134.255,desktop,OS X,Puffin
645,117.31.65.242,TV,Unknown,KaiOS
646,194.161.232.79,smartphone,OS X,KaiOS
647,243.161.237.147,desktop,OS X,Other
648,97.155.34.37,desktop,Chrome OS,Chrome
649,177.154.116.0,smartphone,OS X,Puffin
650,137.163.32.156,desktop,Others,Unknown
651,137.60.59.153,smartphone,Others,Other
652,220.65.255.215,desktop,Linux,Puffin
653,9.111.235.97,smartphone,Others,Other
654,222.76.144.248,smartphone,Others,Firefox
655,70.126.56.148,smartphone,OS X,Opera
656,108.58.85.149,desktop,OS X,Other
657,38.219.135.135,desktop,OS X,KaiOS
658,185.49.139.119,smartphone,Others,Chrome
659,113.61.35.204,desktop,Chrome OS,Chrome
660,135.30.68.34,desktop,OS X,Opera
661,117.122.176.191,smartphone,Others,Android
662,215.63.223.24,desktop,Others,Other
663,4.157.119.101,TV,Unknown,Chrome
664,98.37.225.246,desktop,Chrome OS,Chrome
665,6.238.218.176,smartphone,Others,Samsung Internet
666,59.81.77.7,TV,Unknown,Opera
667,89.91.95.236,desktop,Linux,Opera
668,79.41.60.111,desktop,Others,Chrome
669,43.101.57.231,desktop,Linux,Opera
670,187.109.178.12,TV,Unknown,Firefox
671,106.158.112.14,smartphone,OS X,Puffin
672,80.162.124.82,desktop,Windows,Unknown
673,50.253.192.237,smartphone,OS X,Unknown
674,92.224.84.189,desktop,Windows,Unknown
675,92.177.136.15,desktop,Linux,Opera
676,165.149.183.220,smartphone,Others,Firefox
677,120.31.132.175,smartphone,OS X,Other
678,25.110.187.199,smartphone,OS X,Unknown
679,134.199.137.184,desktop,Others,Samsung Internet
680,211.157.238.203,TV,Unknown,KaiOS
681,114.176.201.36,TV,Unknown,Firefox
682,109.36.191.214,desktop,Windows,Edge
683,217.97.148.64,smartphone,Others,Android
684,249.192.107.46,desktop,Chrome OS,Chrome
685,47.183.72.204,smartphone,Others,Android
686,93.34.168.10,smartphone,Others,Android
687,234.171.248.176,desktop,Linux,Unknown
688,233.92.141.182,smartphone,Others,Firefox
689,56.159.216.20,desktop,Chrome OS,Chrome
690,210.245.6.84,smartphone,OS X,Safari
691,22.45.194.76,desktop,OS X,KaiOS
692,148.240.51.228,smartphone,Others,Chrome
693,52.50.115.94,desktop,Windows,Unknown
694,207.132.75.119,smartphone,Others,Samsung Internet
695,246.150.183.124,smartphone,OS X,KaiOS
696,21.116.161.164,TV,Unknown,Puffin
697,16.95.75.162,desktop,OS X,Unknown
698,80.144.209.136,desktop,Chrome OS,Chrome
699,136.32.197.55,TV,Unknown,Opera
700,80.123.212.148,desktop,Linux,Opera
701,136.102.162.29,smartphone,OS X,Other
702,19.190.19.59,desktop,Linux,Firefox
704,110.103.63.194,desktop,Others,Unknown
705,178.92.131.186,smartphone,OS X,KaiOS
706,105.175.113.66,TV,Unknown,KaiOS
707,27.201.150.197,smartphone,OS X,Firefox
708,238.29.119.182,desktop,Windows,Other
709,46.171.193.237,desktop,OS X,KaiOS
710,177.203.211.29,smartphone,OS X,Safari
711,58.190.227.0,smartphone,OS X,Other
712,229.28.193.7,smartphone,Others,Samsung Internet
713,149.46.185.12,TV,Unknown,Firefox
714,151.134.190.35,smartphone,OS X,Puffin
715,33.114.243.167,smartphone,OS X,Firefox
716,104.74.195.154,desktop,OS X,Opera
717,109.18.172.212,smartphone,OS X,KaiOS
718,43.8.36.19,smartphone,Others,Other
719,208.102.242.26,desktop,Linux,Chrome
720,57.189.202.98,TV,Unknown,Opera
721,50.153.83.115,desktop,Others,Firefox
722,159.184.150.135,TV,Unknown,Unknown
723,222.65.218.67,smartphone,Others,Other
724,66.231.167.211,TV,Unknown,Edge
725,90.168.10.134,desktop,Others,Firefox
726,203.83.220.72,desktop,Windows,Puffin
727,173.224.238.209,smartphone,Others,Unknown
728,62.64.200.53,TV,Unknown,Edge
729,183.105.115.49,desktop,Linux,Puffin
730,190.248.7.55,desktop,Others,Chrome
731,131.233.183.69,TV,Unknown,Edge
732,177.106.253.174,desktop,Chrome OS,Chrome
733,228.235.69.161,TV,Unknown,Opera
734,87.190.145.67,smartphone,OS X,Other
735,182.68.145.179,desktop,OS X,Other
736,69.190.39.107,smartphone,Others,Other
737,237.152.101.49,desktop,Linux,Puffin
739,110.108.214.142,smartphone,Others,Chrome
740,232.59.55.94,desktop,Linux,Chromium
741,80.28.36.220,desktop,Chrome OS,Chrome
742,69.153.241.49,desktop,OS X,KaiOS
743,104.29.118.109,TV,Unknown,Puffin
744,239.136.18.131,desktop,Chrome OS,Chrome
745,156.179.102.209,smartphone,OS X,Other
746,12.179.49.131,TV,Unknown,Edge
747,220.194.224.168,desktop,Windows,Puffin
748,166.112.215.92,desktop,Others,Chrome
749,41.27.206.233,smartphone,Others,Unknown
750,75.116.230.19,smartphone,OS X,Unknown
751,102.148.101.230,desktop,Linux,Firefox
752,213.4.228.62,desktop,Linux,Opera
753,229.239.34.205,TV,Unknown,Firefox
754,203.44.132.15,smartphone,OS X,Other
755,123.166.235.76,smartphone,OS X,Firefox
756,154.145.248.7,smartphone,OS X,Firefox
757,202.95.18.173,TV,Unknown,Edge
758,104.129.98.244,desktop,Linux,Unknown
759,40.119.173.137,desktop,Others,Chrome
760,185.9.240.211,smartphone,OS X,KaiOS
761,220.161.21.1,TV,Unknown,Edge
762,49.105.127.209,desktop,Chrome OS,Chrome
763,155.213.47.96,desktop,Linux,Chrome
764,9.120.113.28,desktop,Chrome OS,Chrome
765,216.217.7.197,desktop,Linux,Opera
766,248.153.241.41,TV,Unknown,Other
767,20.181.195.237,smartphone,Others,Android
768,224.167.72.179,smartphone,Others,Firefox
769,149.82.141.51,smartphone,OS X,Safari
770,175.252.202.39,smartphone,OS X,Unknown
771,54.234.100.156,smartphone,Others,Chrome
772,137.88.26.167,desktop,Chrome OS,Chrome
774,133.70.94.122,smartphone,OS X,KaiOS
775,54.242.244.28,TV,Unknown,Safari
776,225.105.34.253,desktop,OS X,Firefox
777,64.208.9.106,smartphone,Others,Android
778,109.91.137.128,smartphone,Others,Firefox
779,240.130.71.73,desktop,Chrome OS,Chrome
780,210.190.163.67,TV,Unknown,Firefox
781,154.161.194.57,smartphone,Others,Other
782,72.83.172.95,desktop,Others,Samsung Internet
783,113.252.229.204,desktop,Linux,Unknown
784,213.65.141.205,desktop,Others,Firefox
785,243.164.163.83,smartphone,Others,Firefox
786,45.235.193.53,desktop,Chrome OS,Chrome
787,6.86.6.91,desktop,Linux,Chromium
788,247.58.30.232,smartphone,Others,Chrome
789,209.196.85.151,TV,Unknown,Puffin
790,15.210.82.18,smartphone,Others,Firefox
791,146.231.152.230,desktop,Chrome OS,Chrome
792,212.73.226.156,smartphone,OS X,Firefox
793,117.244.104.79,smartphone,OS X,Other
794,149.240.132.16,smartphone,OS X,Unknown
795,116.78.102.184,smartphone,OS X,Opera
796,142.200.167.228,desktop,Linux,Unknown
797,26.196.51.23,smartphone,OS X,Unknown
798,241.223.48.199,TV,Unknown,Other
799,227.125.29.63,smartphone,OS X,Safari
800,158.80.246.110,smartphone,Others,Firefox
801,246.139.137.106,desktop,Others,Android
802,167.38.195.205,smartphone,Others,Other
803,221.244.216.151,desktop,Linux,Opera
804,187.14.248.50,smartphone,Others,Android
806,201.100.63.159,desktop,Linux,Firefox
807,171.74.12.85,smartphone,OS X,Safari
808,128.106.226.149,smartphone,Others,Other
809,187.38.25.91,smartphone,OS X,Other
810,224.48.245.162,smartphone,Others,Chrome
811,216.18.242.79,desktop,Others,Unknown
812,133.181.71.53,desktop,Chrome OS,Chrome
813,50.63.247.21,smartphone,OS X,Opera
814,50.124.244.136,smartphone,Others,Chrome
815,100.40.141.35,desktop,Chrome OS,Chrome
816,170.146.114.215,TV,Unknown,Unknown
817,136.159.116.78,desktop,Others,Other
818,78.41.247.38,smartphone,OS X,Puffin
819,223.140.37.96,desktop,Chrome OS,Chrome
820,98.155.166.238,smartphone,OS X,Safari
821,207.56.11.208,desktop,OS X,Unknown
822,99.143.206.168,smartphone,OS X,Safari
823,0.36.49.110,desktop,Chrome OS,Chrome
824,192.246.253.67,smartphone,Others,Firefox
825,18.127.37.245,TV,Unknown,Other
826,34.17.26.22,desktop,Linux,Opera
827,28.26.58.32,desktop,Others,Android
828,103.141.220.219,desktop,Chrome OS,Chrome
829,234.47.92.123,desktop,Others,Android
830,181.33.244.160,desktop,OS X,Puffin
831,32.213.201.199,TV,Unknown,Other
832,161.202.10.132,desktop,OS X,Safari
833,186.168.240.156,smartphone,OS X,Opera
834,54.148.252.2,desktop,Others,Firefox
835,27.112.87.108,smartphone,Others,Unknown
836,179.132.51.140,desktop,Linux,Firefox
837,134.200.2.103,desktop,Chrome OS,Chrome
838,134.124.71.173,desktop,Windows,Edge
839,72.251.202.245,desktop,Linux,Chromium
841,119.68.212.38,smartphone,Others,Unknown
842,1.12.239.2,smartphone,Others,Unknown
843,104.126.79.124,TV,Unknown,Unknown
844,153.82.51.43,smartphone,Others,Android
845,111.142.196.220,desktop,OS X,Safari
846,207.173.234.152,TV,Unknown,Puffin
847,121.157.62.129,smartphone,OS X,Unknown
848,172.120.191.242,smartphone,Others,Android
849,132.119.27.137,TV,Unknown,Unknown
850,133.138.187.113,smartphone,Others,Chrome
851,58.89.129.223,desktop,OS X,Other
852,251.213.25.1,smartphone,OS X,Puffin
853,10.185.37.5,desktop,Others,Other
854,3.104.169.176,smartphone,Others,Firefox
856,124.21.87.97,desktop,Others,Unknown
857,40.252.86.135,desktop,OS X,Firefox
858,198.231.67.167,smartphone,Others,Unknown
859,150.245.141.135,desktop,Chrome OS,Chrome
860,30.186.190.206,smartphone,Others,Chrome
861,223.175.242.66,desktop,OS X,KaiOS
862,146.165.209.129,smartphone,Others,Samsung Internet
863,24.216.245.110,desktop,Linux,Other
864,163.199.154.211,desktop,Chrome OS,Chrome
865,82.51.17.176,TV,Unknown,Other
866,183.124.247.172,desktop,Linux,Chrome
867,54.235.69.29,desktop,Windows,Chrome
868,216.254.78.25,TV,Unknown,Edge
869,114.209.196.249,desktop,Linux,Chromium
870,214.209.248.236,desktop,Windows,Edge
871,134.247.93.16,desktop,Linux,Puffin
872,2.134.33.108,smartphone,Others,Chrome
873,237.225.78.63,desktop,Others,Other
874,9.241.125.88,desktop,Windows,Unknown
875,199.250.113.94,desktop,Linux,Chromium
876,110.218.161.157,smartphone,OS X,Safari
877,237.42.103.82,desktop,Others,Firefox
878,41.206.112.21,desktop,Linux,Chromium
879,115.234.76.220,smartphone,OS X,KaiOS
880,36.69.218.223,desktop,Chrome OS,Chrome
881,41.180.47.33,desktop,OS X,Puffin
882,222.47.220.34,desktop,Linux,Other
883,77.233.107.215,smartphone,Others,Other
885,206.191.51.134,smartphone,OS X,Firefox
886,193.48.227.198,smartphone,OS X,Safari
887,166.36.194.116,smartphone,Others,Unknown
888,164.194.215.239,desktop,Linux,Puffin
889,83.243.224.143,smartphone,OS X,Unknown
890,145.52.1.169,desktop,Linux,Firefox
891,216.202.29.197,desktop,OS X,Safari
892,15.81.245.232,smartphone,Others,Firefox
893,228.181.246.41,desktop,OS X,KaiOS
894,208.119.175.144,desktop,Others,Other
895,171.125.136.173,desktop,Chrome OS,Chrome
896,179.188.120.236,desktop,Linux,Unknown
897,0.70.165.16,desktop,Others,Samsung Internet
898,1.147.229.96,smartphone,Others,Other
899,174.64.97.114,TV,Unknown,Edge
900,65.124.198.54,desktop,Linux,Unknown
901,164.50.100.142,desktop,Others,Other
902,147.176.10.12,TV,Unknown,Edge
903,102.243.234.151,smartphone,Others,Chrome
904,155.226.90.94,desktop,Chrome OS,Chrome
905,26.161.130.114,desktop,OS X,Firefox
906,148.149.118.174,TV,Unknown,Firefox
907,195.151.235.65,desktop,Windows,Other
908,107.73.125.248,smartphone,OS X,KaiOS
909,128.143.5.55,TV,Unknown,KaiOS
910,98.155.106.19,desktop,Linux,Other
912,20.142.188.250,TV,Unknown,Edge
913,70.214.103.216,smartphone,Others,Chrome
914,110.165.129.126,TV,Unknown,Puffin
915,97.243.244.64,smartphone,Others,Chrome
916,157.78.202.75,desktop,Others,Chrome
917,70.156.223.41,TV,Unknown,KaiOS
918,142.198.244.8,smartphone,Others,Other
919,154.235.103.217,smartphone,Others,Samsung Internet
920,47.33.178.161,TV,Unknown,Opera
921,209.8.17.201,smartphone,OS X,Unknown
923,17.179.86.58,desktop,Others,Firefox
924,227.217.152.140,desktop,OS X,KaiOS
925,53.78.37.134,desktop,OS X,KaiOS
926,79.75.224.190,TV,Unknown,Edge
927,89.1.125.225,TV,Unknown,KaiOS
928,254.230.161.89,desktop,Linux,Unknown
929,75.237.164.62,TV,Unknown,Chrome
930,199.44.145.86,smartphone,Others,Android
931,136.146.194.19,smartphone,OS X,Firefox
932,179.93.123.148,smartphone,OS X,Puffin
933,204.43.54.151,desktop,OS X,KaiOS
934,241.161.154.65,smartphone,Others,Chrome
935,244.142.27.16,smartphone,OS X,Firefox
936,184.253.68.71,TV,Unknown,KaiOS
937,176.78.63.112,TV,Unknown,Opera
938,187.62.209.248,smartphone,Others,Samsung Internet
939,110.123.65.127,desktop,OS X,KaiOS
940,204.220.204.128,desktop,OS X,Puffin
941,68.7.143.118,smartphone,Others,Unknown
942,117.8.108.23,desktop,Linux,Opera
943,240.189.168.61,desktop,Windows,Edge
944,156.42.199.97,desktop,Others,Firefox
945,110.91.164.61,desktop,Chrome OS,Chrome
947,36.9.170.190,desktop,Windows,Edge
948,237.130.132.102,desktop,Others,Firefox
949,0.20.232.130,smartphone,Others,Chrome
950,129.105.167.32,desktop,Windows,Firefox
951,192.199.34.238,smartphone,OS X,KaiOS
952,167.34.20.1,TV,Unknown,Other
953,46.51.16.37,desktop,Linux,Opera
954,184.177.34.58,desktop,OS X,KaiOS
955,222.245.208.180,desktop,Others,Android
956,201.151.230.176,smartphone,OS X,Opera
957,71.213.237.134,desktop,Others,Firefox
958,221.157.78.145,desktop,Chrome OS,Chrome
959,45.96.207.54,desktop,OS X,Safari
960,235.189.166.153,desktop,Linux,Puffin
961,70.126.136.106,TV,Unknown,Chrome
962,42.149.217.74,desktop,Windows,Puffin
964,200.118.222.209,TV,Unknown,Edge
965,174.62.197.142,smartphone,Others,Unknown
966,198.208.254.112,desktop,Linux,Chromium
967,243.194.205.165,desktop,Linux,Opera
968,151.156.47.191,desktop,Others,Other
969,44.112.148.91,desktop,Others,Firefox
970,130.98.184.144,desktop,Chrome OS,Chrome
971,244.144.167.126,desktop,Others,Other
972,126.12.249.51,TV,Unknown,Edge
973,111.175.9.180,smartphone,OS X,Firefox
974,236.189.177.222,desktop,OS X,Puffin
975,28.46.63.68,desktop,Windows,Edge
976,74.180.232.15,TV,Unknown,Firefox
977,42.236.219.250,TV,Unknown,Other
978,86.190.21.198,desktop,Windows,Unknown
979,167.32.44.122,desktop,OS X,Puffin
980,235.84.114.236,smartphone,Others,Unknown
981,198.171.40.11,smartphone,Others,Firefox
982,156.150.123.25,smartphone,OS X,Safari
983,236.76.69.120,desktop,Others,Android
984,188.176.65.74,desktop,Others,Firefox
985,233.5.236.61,desktop,Windows,Firefox
986,72.188.46.239,desktop,Windows,Puffin
987,204.105.47.144,desktop,Chrome OS,Chrome
988,38.253.193.187,desktop,Windows,Firefox
989,129.252.6.217,desktop,Windows,Firefox
990,0.56.251.28,smartphone,OS X,Puffin
991,250.100.85.218,desktop,Others,Unknown
992,11.40.255.146,smartphone,Others,Android
993,170.87.123.160,smartphone,OS X,Safari
994,93.108.187.3,TV,Unknown,Unknown
995,94.168.156.69,desktop,Linux,Chromium
996,229.98.109.183,smartphone,OS X,Unknown
998,91.121.158.80,TV,Unknown,Firefox
999,141.224.2.47,smartphone,Others,Other
1000,71.62.250.139,desktop,Chrome OS,Chrome
